<?xml  version='1.0' encoding='windows-1252' ?>
<UMLProfile profiletype="uml2">
	<Documentation id="F8055BD6BD" name="Toolbox" version="1.0" notes="Toolbox"/>
	<Content>
		<Stereotypes>
			<Stereotype name="Struktura" notes="" cx="0" cy="0" bgcolor="-1" fontcolor="-1" bordercolor="-1" borderwidth="-1" hideicon="0">
				<AppliesTo>
					<Apply type="ToolboxPage"/>
				</AppliesTo>
				<TaggedValues>
					<Tag name="PW-CRC::Karta CRC(UML::Class)" type="" description="" unit="" values="" default=""/>
					<Tag name="PW-CRC::Odpowiedzialno&#x15B;&#x107;(UML::Operation)" type="" description="" unit="" values="" default=""/>
				</TaggedValues>
			</Stereotype>
			<Stereotype name="Zachowanie" notes="" cx="0" cy="0" bgcolor="-1" fontcolor="-1" bordercolor="-1" borderwidth="-1" hideicon="0">
				<AppliesTo>
					<Apply type="ToolboxPage"/>
				</AppliesTo>
				<TaggedValues>
					<Tag name="PW-CRC::Komunikat(UML::Operation)" type="" description="" unit="" values="" default=""/>
				</TaggedValues>
			</Stereotype>
		</Stereotypes>
		<TaggedValueTypes/>
		<ViewDefinitions/>
		<Metamodel/>
	</Content>
</UMLProfile>